filename,scatterness
.gemspec,0.0
.gitignore,3.03151
.gitmodules,1.09861
.hound.yml,0.69315
.mailmap,4.56711
.noexec.yaml,1.33218
.rubocop.yml,6.55487
.travis.yml,3.24095
.yardopts,2.58231
appveyor.yml,3.86212
COMMITTERS.md,5.14631
CONTRIBUTING.md,4.66512
Gemfile,3.64693
install.rb,5.6773
LICENSE,2.67012
MAINTAINERS,3.51574
Rakefile,4.34355
README.md,0.0
config,0.0
description,0.0
HEAD,0.0
index,0.0
packed-refs,0.0
applypatch-msg.sample,0.0
commit-msg.sample,0.0
fsmonitor-watchman.sample,0.0
post-update.sample,0.0
pre-applypatch.sample,0.0
pre-commit.sample,0.0
pre-push.sample,0.0
pre-rebase.sample,0.0
pre-receive.sample,0.0
prepare-commit-msg.sample,0.0
update.sample,0.0
exclude,0.0
HEAD,0.0
master,0.0
HEAD,0.0
pack-78f310ed637be29f4660867ff80d4e55807ba7a5.idx,0.0
pack-78f310ed637be29f4660867ff80d4e55807ba7a5.pack,0.0
master,0.0
HEAD,0.0
.beaker.yml,2.52321
.gitignore,0.0
Gemfile,0.0
Rakefile,0.0
README.md,0.0
vmpooler.cfg,3.09104
options.rb,0.69315
options.rb,0.63651
options.rb,0.0
aix-53-power.yaml,2.61563
aix-61-power.yaml,2.61563
aix-71-power.yaml,2.61563
gem.yaml,3.3673
huaweios-6-powerpc.yaml,2.63906
solaris-10-sparc.yaml,2.75167
solaris-11-sparc.yaml,2.75167
centos-5-32ma-32da-32da,0.0
centos-5-32mda,0.0
centos-5-64ma-64da-64da,0.0
centos-5-64mda,0.0
centos-6-32ma-32da-32da,0.0
centos-6-32mda,0.0
centos-6-64ma-64da-64da,0.0
centos-6-64mda,0.0
centos-6-64mda-sol-10-64a,0.0
debian-6-32ma-32da-32da,0.0
debian-6-32mda,0.0
debian-6-64ma-64da-64da,0.0
debian-6-64mda,0.0
debian-7-32ma-32da-32da,0.0
debian-7-32mda,0.0
debian-7-64ma-64da-64da,0.0
debian-7-64mda,0.0
debian-7-i386,0.0
oracle-5-32ma-32da-32da,0.0
oracle-5-32mda,0.0
oracle-5-64ma-64da-64da,0.0
oracle-5-64mda,0.0
oracle-6-32ma-32da-32da,0.0
oracle-6-32mda,0.0
oracle-6-64ma-64da-64da,0.0
oracle-6-64mda,0.0
redhat-5-32ma-32da-32da,0.0
redhat-5-32mda,0.0
redhat-5-64ma-64da-64da,0.0
redhat-5-64mda,0.0
redhat-6-32ma-32da-32da,0.0
redhat-6-32mda,0.0
redhat-6-64ma-64da-64da,0.0
redhat-6-64mda,0.0
scientific-5-32ma-32da-32da,0.0
scientific-5-32mda,0.0
scientific-5-64ma-64da-64da,0.0
scientific-5-64mda,0.0
scientific-6-32ma-32da-32da,0.0
scientific-6-32mda,0.0
scientific-6-64ma-64da-64da,0.0
scientific-6-64mda,0.0
sles-11-32ma-32da-32da,0.0
sles-11-32mda,0.0
sles-11-64ma-64da-64da,0.0
sles-11-64mda,0.0
solaris-10-64a,0.0
solaris-11-64a,0.0
ubuntu-1004-32ma-32da-32da,0.0
ubuntu-1004-32mda,0.0
ubuntu-1004-64ma-64da-64da,0.0
ubuntu-1004-64mda,0.0
ubuntu-1204-32ma-32da-32da,0.0
ubuntu-1204-32mda,0.0
ubuntu-1204-64ma-64da-64da,0.0
ubuntu-1204-64mda,0.0
manifest_large_exported_classes_node.pp,4.17439
MockService.cs,4.26204
acceptance_spec_helper.rb,2.07944
helper.rb,1.09861
agent_fqdn_utils.rb,2.77259
aix_util.rb,5.14749
classifier_utils.rb,5.12135
classifier_utils_spec.rb,4.38203
common_utils.rb,3.44481
environment_utils.rb,5.73533
environment_utils_spec.rb,4.96981
i18ndemo_utils.rb,3.68888
i18n_utils.rb,3.52138
module_utils.rb,5.33905
puppet_type_test_tools.rb,4.63473
puppet_type_test_tools_spec.rb,4.8752
rpm_util.rb,4.50087
service_utils.rb,4.14679
solaris_util.rb,4.47342
static_catalog_utils.rb,3.93172
temp_file_utils.rb,4.66037
windows_utils.rb,2.31315
service.rb,4.49427
external_cert_fixtures.rb,5.80823
ticket_11860_exec_should_not_override_locale.rb,4.30407
ticket_4149_parseonly_should_not_fail.rb,2.89037
ticket_4151_defined_function_should_not_return_true_for_unrealized_virtual_resources.rb,3.17805
ticket_5027_warn_on_dynamic_scope.rb,3.3322
ticket_5224_exec_should_unset_user_env_vars.rb,4.69135
ticket_6928_puppet_master_parse_fails.rb,3.63759
allow_arbitrary_node_name_fact_for_agent.rb,4.70936
allow_arbitrary_node_name_fact_for_apply.rb,3.36327
allow_arbitrary_node_name_for_agent.rb,4.53666
allow_arbitrary_node_name_for_apply.rb,2.78047
allow_symlinks_as_config_directories.rb,3.16897
catalog_with_binary_data.rb,4.02064
cycle_detection.rb,3.14717
ensure_puppet-agent_paths.rb,4.84546
ensure_version_file.rb,3.36327
modulepath.rb,4.69691
puppet_apply_a_file_should_create_a_file_and_report_the_md5.rb,2.87122
puppet_apply_basics.rb,2.33837
puppet_apply_should_show_a_notice.rb,1.72019
server_list_setting.rb,3.78814
server_returns_pson_when_preferred_serialization_set.rb,3.58352
ticket_12572_no_last_run_summary_diff.rb,2.1384
ticket_1334_clientbucket_corrupted.rb,3.92309
ticket_13489_service_refresh.pp,2.947
ticket_13948_lib_dir_hook_should_be_called_on_initialization.rb,4.45232
ticket_15560_managehome.rb,3.69791
ticket_2280_refresh_fail_should_fail_run.rb,3.39098
ticket_2455_on_solaris_init_provider_should_start_service_in_own_smf_contract.rb,4.78774
ticket_3656_requiring_multiple_resources.rb,2.03176
ticket_4059_ralsh_can_change_settings.rb,2.81436
ticket_4233_resource_with_a_newline.rb,2.68954
ticket_4285_file_resource_fail_when_name_defined_instead_of_path.rb,2.64343
ticket_4289_facter_should_recognize_OEL_operatingsystemrelease.rb,2.98777
ticket_4293_define_and_use_a_define_within_a_class.rb,3.03514
ticket_4404_should_allow_stage_main_on_left_side_of_relationship.rb,2.9915
ticket_4423_cannot_declare_two_parameterized_classes.rb,3.88131
ticket_4622_filebucket_diff_test.rb,4.13375
ticket_5477_master_not_dectect_sitepp.rb,3.38636
ticket_5592_hiera_lookup_when_param_undef.rb,4.24786
ticket_6418_file_recursion_and_audit.rb,3.259
ticket_6541_invalid_filebucket_files.rb,3.5503
ticket_6710_relationship_syntax_should_work_with_title_arrays.rb,0.0
ticket_6857_password-disclosure-when-changing-a-users-password.rb,3.42459
ticket_6907_use_provider_in_same_run_it_becomes_suitable.rb,3.5134
ticket_7101_template_compile.rb,3.03514
ticket_7139_puppet_resource_file_qualified_paths.rb,0.0
ticket_7165_no_refresh_after_starting_service.rb,3.68344
ticket_7728_don't_log_whits_on_failure.rb,0.0
ticket_9862_puppet_runs_without_service_user_or_group_present.rb,3.85657
agent_disable_lockfile.rb,4.18783
agent_parses_json_catalog.rb,3.08465
fallback_to_cached_catalog.rb,2.77598
aix_package_provider.rb,4.30656
nim_package_provider.rb,4.49811
puppet_apply_graph.rb,2.65259
puppet_apply_trace.rb,1.89379
parameterized_classes.rb,3.98355
should_allow_param_override.rb,2.95467
should_allow_param_undef_override.rb,3.24572
should_include_resources_from_class.rb,2.33837
should_not_auto_include_resources_from_class.rb,1.74807
should_not_reassign.rb,2.34393
ticket_2659_concurrent_catalog_requests.rb,4.62084
apply_file_metadata_specified_in_config.rb,3.33782
cached_catalog_remediate_local_drift.rb,4.51383
catalog_uuid_correlates_catalogs_with_reports.rb,3.87682
static_catalog_env_control.rb,5.7779
supports_utf8.rb,3.96351
3x_forbidden_environment_names_allowed.rb,4.16114
agent_runs_pluginsync_with_proper_environment.rb,4.11356
broken_unassigned_environment_handled_gracefully.rb,3.95572
can_enumerate_environments.rb,3.86299
custom_type_provider_from_same_environment.rb,4.66605
directory_environment_production_created_master.rb,3.58239
directory_environment_with_environment_conf.rb,4.57378
enc_nonexistent_directory_environment.rb,0.0
environment_scenario-bad.rb,4.05329
use_agent_environment_when_enc_doesnt_specify.rb,3.87729
use_agent_environment_when_no_enc.rb,3.73488
use_enc_environment.rb,3.9211
use_enc_environment_for_files.rb,4.09011
use_enc_environment_for_pluginsync.rb,3.95861
use_environment_from_environmentpath.rb,0.0
variables_refreshed_each_compilation.rb,4.23521
agent_run_should_fail_if_env_unreadable.rb,4.04813
agent_run_should_fail_if_site_pp_unreadable.rb,3.95124
4654_facts_face.rb,4.12193
help_test.rb,3.6
loadable_from_modules.rb,0.0
parser_validate.rb,3.95179
check_puppet_run_message.rb,2.99573
enable_option_disable_i18n.rb,3.50063
translation_fallback.rb,2.94444
puppet_agent.rb,4.92725
puppet_agent_cached_catalog.rb,4.70048
puppet_agent_with_multiple_environments.rb,4.41884
puppet_apply.rb,4.32539
puppet_apply_module_lang.rb,4.31218
puppet_apply_unsupported_lang.rb,4.13854
puppet_describe.rb,3.64015
puppet_face.rb,3.92906
puppet_facts.rb,3.66549
puppet_resource.rb,3.66549
binary_data_type.rb,4.07011
break.rb,3.45029
class_inheritance.rb,2.84648
exported_resources.rb,5.08408
functions_in_puppet_language.rb,4.7456
next.rb,3.45029
objects_in_catalog.rb,3.5065
pcore_generate_env_isolation.rb,4.14343
pcore_resource_types_should_have_precedence_over_ruby.rb,4.44444
resource_refs_with_nested_arrays.rb,3.06029
return.rb,4.25777
sensitive_data_type.rb,4.625
server_set_facts.rb,3.56776
autoload_from_resource_type_decl.rb,4.66001
func4x_loadable_from_modules.rb,4.2434
resource_triggers_autoload.rb,3.89182
config3_interpolation.rb,0.0
config5_interpolation.rb,4.75927
hiera3_custom_backend.rb,4.2747
lookup.rb,0.0
lookup_rich_values.rb,4.24295
merge_strategies.rb,5.1833
v3_config_and_data.rb,4.48789
v4_hieradata_with_v5_configs.rb,4.51991
invalid_module_install_path.rb,2.57984
missing_checksums_json.rb,3.57263
missing_metadata_json.rb,2.83154
module_with_modified_file.rb,3.03514
module_with_removed_file.rb,3.08048
unmodified_module.rb,2.64916
already_installed.rb,3.77097
already_installed_elsewhere.rb,3.75077
already_installed_with_local_changes.rb,3.58455
basic_install.rb,2.84489
force_ignores_dependencies.rb,3.02981
ignoring_dependencies.rb,2.79498
nonexistent_directory.rb,3.20519
nonexistent_module.rb,3.26088
with_debug.rb,2.94162
with_dependencies.rb,2.95304
with_environment.rb,3.74501
with_existing_module_directory.rb,3.90878
with_modulepath.rb,3.29768
with_necessary_upgrade.rb,3.19676
with_no_dependencies.rb,2.7756
with_unnecessary_upgrade.rb,3.2823
with_unsatisfied_constraints.rb,3.82036
with_version.rb,2.78704
with_circular_dependencies.rb,3.66668
with_environment.rb,2.99707
with_installed_modules.rb,4.38443
with_invalid_dependencies.rb,4.22485
with_missing_dependencies.rb,4.1743
with_modulepath.rb,4.05635
with_no_installed_modules.rb,2.14584
with_repeated_dependencies.rb,4.42371
communication_error.rb,2.47912
formatting.rb,2.79851
multiple_search_terms.rb,3.00477
no_results.rb,2.26861
ssl_errors.rb,3.09046
using_directory_name.rb,3.53947
using_version_filter.rb,4.06013
with_active_dependency.rb,4.06222
with_environment.rb,3.4437
with_modulepath.rb,3.66982
with_module_installed.rb,3.18334
with_multiple_modules_installed.rb,3.89416
introducing_new_dependencies.rb,3.18139
in_a_secondary_directory.rb,3.06799
not_upgradable.rb,4.06131
that_was_installed_twice.rb,3.85038
to_a_specific_version.rb,3.08204
to_installed_version.rb,3.75418
with_constraints_on_it.rb,3.03579
with_constraints_on_its_dependencies.rb,3.96906
with_environment.rb,2.94483
with_local_changes.rb,3.61539
with_scattered_dependencies.rb,2.93612
with_update_available.rb,3.1967
master_agent_application.rb,3.37477
calling_all_functions.rb,5.26113
hiera_in_templates.rb,6.02854
no_exception_in_reduce_with_bignum.rb,3.9932
puppet_lookup_cmd.rb,7.80972
lookup_data.rb,0.0
lookup_data.rb,0.0
lookup_data.rb,0.0
3935_pluginsync_should_follow_symlinks.rb,3.75568
4420_pluginfacts_should_be_resolvable_on_agent.rb,4.6353
4847_pluginfacts_should_be_resolvable_from_applications.rb,4.01997
7316_apps_should_be_available_via_pluginsync.rb,0.0
7316_faces_with_app_stubs_should_be_available_via_pluginsync.rb,0.0
files_earlier_in_modulepath_take_precendence.rb,3.74433
pluginsync_should_sync_features.rb,4.59903
agent_sends_json_report_for_cached_catalog.rb,3.52636
cached_catalog_status_in_report.rb,3.75568
corrective_change_new_resource.rb,4.08229
corrective_change_outside_puppet.rb,4.37029
corrective_change_via_puppet.rb,4.3786
failover_master.rb,3.92145
finalized_on_cycle.rb,3.53963
submission.rb,3.8274
accept_multi-line_commands.rb,3.12394
should_accept_large_output.rb,3.17608
should_not_run_command_creates.rb,3.23701
should_run_bad_command.rb,4.16928
should_run_command.rb,3.19844
should_run_command_as_user.rb,3.91197
should_run_command_in_cwd.rb,4.84419
should_set_environment_variables.rb,4.63473
should_set_path.rb,2.55751
content_attribute.rb,3.99734
should_create_directory.rb,3.46413
should_create_empty.rb,2.48437
should_create_symlink.rb,3.80095
should_default_mode.rb,3.68344
should_remove_dir.rb,2.70478
should_remove_file.rb,2.31315
source_attribute.rb,0.0
symbolic_modes.rb,5.59428
ticket_6448_file_with_utf8_source.rb,4.26267
ticket_7680-follow-symlinks.rb,3.35384
ticket_8740_should_not_enumerate_root_directory.rb,3.44308
should_create.rb,2.71358
should_destroy.rb,2.41505
should_manage_attributes_aix.rb,3.09104
should_manage_members.rb,5.21494
should_modify_gid.rb,2.95649
should_not_create_existing.rb,2.57028
should_not_destoy_unexisting.rb,2.35947
should_query.rb,2.62616
should_query_all.rb,2.91806
common_package_name_in_different_providers.rb,4.63433
does_not_exist.rb,3.32249
yum.rb,4.99454
basic_tests.rb,0.0
should_be_holdable.rb,4.3703
should_be_idempotent.rb,0.0
should_be_updatable.rb,3.69378
should_be_versionable.rb,3.79129
should_create.rb,3.48094
should_query.rb,3.45029
should_remove.rb,3.45029
AIX_service_provider.rb,4.35095
init_on_systemd.rb,5.17726
launchd_provider.rb,3.89133
puppet_service_management.rb,0.0
service_enable_linux.rb,4.3869
should_not_change_the_system.rb,2.99091
should_query_all.rb,2.14395
smf_basic_tests.rb,0.0
ticket_14297_handle_upstart.rb,3.74909
ticket_4123_should_list_all_running_redhat.rb,2.52321
ticket_4123_should_list_all_running_redhat.sh,3.17608
ticket_4124_should_list_all_disabled.rb,2.52321
ticket_4124_should_list_all_disabled.sh,3.22389
ticket_5024_systemd_enabling_masked_service.rb,4.19584
windows.rb,4.86247
windows_mixed_utf8.rb,4.29046
resources_should_be_non_isomorphic.rb,3.70267
should_remove_old_files.rb,3.43031
should_allow_password_salt_iterations_osx.rb,3.20245
should_create.rb,3.0063
should_create_with_gid.rb,3.29357
should_destroy.rb,2.6225
should_manage_attributes_aix.rb,3.21888
should_manage_groups.rb,4.75283
should_manage_shell.rb,3.4178
should_modify.rb,2.93612
should_modify_gid.rb,3.57925
should_modify_when_not_managing_home.rb,3.51041
should_modify_while_managing_home.rb,3.37844
should_not_create_existing.rb,3.3177
should_not_destoy_unexisting.rb,2.33455
should_not_modify_disabled.rb,3.56776
should_query.rb,2.64343
should_query_all.rb,2.86792
utf8_user_comments.rb,4.8612
cve-2013-1640_facter_string.rb,2.55209
cve-2013-1652_improper_query_params.rb,3.3944
cve-2013-1652_poison_other_node_cache.rb,3.58783
cve-2013-2275_report_acl.rb,3.19887
cve-2013-4761_injection_of_class_names_loading_code.rb,4.03604
autosign_command.rb,4.59193
certificate_extensions.rb,4.15999
ticket_4655_default_stage_for_classes.rb,3.48576
utf8-in-catalog.rb,3.92014
utf8-in-file-resource.rb,4.19269
utf8-in-function-args.rb,5.60446
utf8-in-puppet-describe.rb,4.46326
env_windows_installdir_fact.rb,2.87545
eventlog.rb,3.13579
QA-506_windows_exit_codes_test.rb,4.45258
QA-760_win_dash_dot_file_test.rb,3.77865
execute.pp,2.56495
init.pp,2.77259
http_api_index.md,0.0
http_catalog.md,5.79667
http_certificate.md,0.0
http_certificate_request.md,4.98901
http_certificate_revocation_list.md,5.16213
http_certificate_status.md,4.7268
http_environment.md,4.31271
http_environments.md,3.46474
http_facts.md,2.79851
http_file_bucket_file.md,4.41704
http_file_content.md,4.07926
http_file_metadata.md,5.51286
http_node.md,3.89713
http_report.md,4.45338
http_status.md,3.68888
pson.md,3.85038
catalog.json,5.05357
environments.json,3.86646
error.json,2.56495
facts.json,0.0
file_metadata.json,3.67796
host.json,3.78419
json-meta-schema.json,5.01064
node.json,2.87148
report.json,6.28295
status.json,2.89037
discover.rb,0.0
puppet_rspec.rb,0.0
README.markdown,3.80666
rspec.rb,0.0
benchmarker.rb,4.58822
description,1.60944
puppet.conf.erb,1.38629
site.pp.erb,0.0
benchmarker.rb,4.29046
description,1.09861
puppet.conf.erb,1.09861
site.pp.erb,1.38629
testing.pp.erb,1.09861
benchmarker.rb,4.65396
description,2.30259
puppet.conf.erb,1.38629
site.pp.erb,0.69315
function.erb,1.60944
global_function.erb,1.60944
init.pp.erb,1.38629
init.pp_no_call.erb,0.69315
benchmarker.rb,3.73797
description,1.38629
puppet.conf.erb,1.38629
site.pp.erb,0.0
benchmarker.rb,4.7535
benchmarker_task.rb,2.3979
description,2.56495
puppet.conf.erb,1.38629
site.pp.erb,2.30259
assert_type.pp,1.79176
fcall_3x.pp,1.79176
fcall_4x.pp,1.79176
fcall_ns4x.pp,1.79176
interpolation.pp,2.3979
var_absolute.pp,1.09861
var_class_absolute.pp,1.60944
var_class_relative.pp,1.60944
var_relative.pp,1.09861
func3.rb.erb,2.07944
func4.rb.erb,2.19722
init.pp.erb,0.0
module1_func4.rb.erb,2.19722
benchmarker.rb,4.34381
description,1.09861
puppet.conf.erb,1.09861
site.pp.erb,0.0
badclass.pp.erb,3.3673
params.pp.erb,1.60944
benchmarker.rb,4.76217
description,0.0
Gemfile,1.09861
hiera.yaml.erb,3.21888
puppet.conf.erb,0.69315
r10k.yaml,0.0
site.pp.erb,1.09861
benchmarker.rb,4.52349
description,1.79176
env_function.erb,1.60944
puppet.conf.erb,1.60944
site.pp.erb,1.03972
function.erb,1.60944
init.pp.erb,2.19722
benchmarker.rb,4.27667
description,0.69315
puppet.conf.erb,1.60944
benchmarker.rb,4.51086
description,0.69315
puppet.conf.erb,1.60944
benchmarker.rb,4.44265
description,0.69315
puppet.conf.erb,1.60944
benchmarker.rb,4.44265
description,0.69315
puppet.conf.erb,1.60944
benchmarker.rb,4.59512
description,0.69315
puppet.conf.erb,1.60944
benchmarker.rb,4.57471
description,0.69315
puppet.conf.erb,1.60944
benchmarker.rb,4.15888
description,0.69315
benchmarker.rb,3.63759
description,0.69315
benchmarker.rb,0.0
description,1.09861
puppet.conf.erb,1.09861
site.pp.erb,1.09861
init.pp.erb,1.09861
internal.pp.erb,1.09861
benchmarker.rb,4.14313
description,1.09861
puppet.conf.erb,1.09861
site.pp.erb,1.60944
testmodule.pp.erb,1.09861
benchmarker.rb,3.83524
catalog.json,10.52538
description,1.09861
benchmarker.rb,2.83321
description,0.69315
benchmarker.rb,3.98898
description,1.38629
puppet.conf.erb,1.38629
site.pp.erb,2.30259
benchmarker.rb,3.8712
description,1.38629
puppet.conf.erb,1.38629
site.pp.erb,1.94591
puppet,0.0
auth.conf,4.47669
environment.conf,2.89037
fileserver.conf,0.0
hiera.yaml,2.3979
puppet.conf,1.79176
catalogs.md,4.77594
index.md,2.75167
parser_work.md,5.57215
profiling.md,3.8864
quickstart.md,4.0809
rspec_tutorial.md,5.78603
unicode.md,3.41249
windows.md,4.10987
README.md,0.0
site.pp,0.0
hiera.yaml,0.0
puppet.conf,0.0
common.yaml,0.0
dc1.yaml,0.0
development.yaml,0.0
common.pp,0.0
config.pp,0.0
data.pp,0.0
ntp.conf.erb,0.0
common.pp,0.0
dc1.pp,0.0
development.pp,0.0
build_defaults.yaml,2.43079
cert_inspector,4.94164
dbfix.sql,4.50472
envpuppet,4.60535
envpuppet.bat,2.34199
project_data.yaml,3.76075
puppet-test,5.77763
README.environment,0.0
upload_facts.rb,4.73544
yaml_nodes.rb,4.54834
config,3.7612
Rakefile,2.07944
readme.rst,2.5993
changelog.erb,6.99321
compat,0.0
control,4.78563
copyright,5.7589
docs,0.0
fileserver.conf,3.64595
puppet-common.dirs,2.09815
puppet-common.install,0.69315
puppet-common.lintian-overrides,1.60944
puppet-common.manpages,3.17805
puppet-common.postinst,3.42157
puppet-common.postrm,3.4545
puppet-el.dirs,0.0
puppet-el.emacsen-install,3.21888
puppet-el.emacsen-remove,2.3979
puppet-el.emacsen-startup,2.19722
puppet-el.install,0.0
puppet-testsuite.install,0.0
puppet-testsuite.lintian-overrides,1.38629
puppet.default,0.69315
puppet.init,4.46188
puppet.lintian-overrides,1.09861
puppet.logrotate,2.55368
puppet.postinst,2.99573
puppet.postrm,2.99573
puppet.preinst,2.99573
puppetmaster-common.install,0.69315
puppetmaster-common.manpages,0.0
puppetmaster-common.postinst,1.79176
puppetmaster-passenger.dirs,1.38629
puppetmaster-passenger.postinst,4.7185
puppetmaster-passenger.postrm,3.74726
puppetmaster.default,2.24504
puppetmaster.init,4.60094
puppetmaster.lintian-overrides,1.09861
puppetmaster.postinst,2.99573
puppetmaster.postrm,1.60944
puppetmaster.preinst,3.09104
puppetmaster.README.debian,2.67012
README.Debian,2.07944
README.source,0.69315
rules,4.65175
TODO.Debian,0.0
vim-puppet.dirs,1.60944
vim-puppet.README.Debian,2.56495
vim-puppet.yaml,1.94591
watch,0.69315
format,0.0
options,0.0
puppetd,0.0
puppetmasterd,0.0
puppet,0.0
puppetmaster,0.0
puppet,0.0
puppetmaster,0.0
fileserver.conf,3.71357
hiera.yaml,2.70805
puppet-agent,3.44308
puppet-master,3.78419
puppet.p5m.erb,2.48491
puppetagent.xml,3.6011
puppetmaster.xml,3.73767
rules,2.94444
transforms,3.52636
puppet.schema,2.77385
puppet,3.13549
check_puppet.rb,4.53318
file_mapping.yaml,3.3322
postflight.erb,4.5896
preflight.erb,3.3778
prototype.plist.erb,0.0
puppet.plist,3.3322
dsl_test.rb,1.94591
client.init,0.0
client.sysconfig,0.0
fileserver.conf,3.71357
logrotate,0.0
puppet.spec.erb,0.0
server.init,0.0
server.sysconfig,0.0
regexp_nodes.rb,5.1586
databases,0.69315
webservers,0.69315
development,0.69315
prod,0.0
qa,0.0
sandbox,0.0
pkginfo,0.0
puppet,3.78419
puppet.xml,3.78419
puppetd.xml,0.0
puppetmasterd.xml,0.0
svc-puppetd,0.0
svc-puppetmasterd,0.0
client.init,0.0
puppet.spec,0.0
server.init,0.0
puppet.service,0.0
puppet_interactive.bat,1.79176
puppet_shell.bat,2.19722
run_puppet_interactive.bat,2.19722
puppetres.dll,0.0
puppetres.mc,0.0
Rakefile,0.0
daemon.bat,0.0
daemon.rb,0.0
hiera_puppet.rb,4.24355
puppet.rb,0.0
puppet_pal.rb,6.18068
puppet_x.rb,0.0
puppet_function.rb,4.04282
scope.rb,3.73593
agent.rb,0.0
application.rb,5.82156
application_support.rb,3.75283
coercion.rb,3.65422
compilable_resource_type.rb,2.70805
configurer.rb,5.68781
confine.rb,0.0
confiner.rb,0.0
confine_collection.rb,0.0
context.rb,4.28142
daemon.rb,0.0
datatypes.rb,5.17906
data_binding.rb,2.44102
defaults.rb,0.0
environments.rb,5.55308
error.rb,4.39777
etc.rb,4.72882
face.rb,0.0
file_bucket.rb,1.38629
file_serving.rb,0.0
file_system.rb,5.70929
forge.rb,5.08919
functions.rb,6.19109
graph.rb,1.52296
indirector.rb,3.7168
info_service.rb,2.67012
interface.rb,4.95873
loaders.rb,2.96694
module.rb,0.0
module_tool.rb,4.87563
network.rb,1.09861
node.rb,5.14085
parameter.rb,5.88526
parser.rb,2.71847
plugins.rb,1.73287
pops.rb,4.14727
property.rb,0.0
provider.rb,5.9097
relationship.rb,4.09758
reports.rb,4.03309
resource.rb,5.89436
scheduler.rb,2.68595
settings.rb,0.0
ssl.rb,2.25386
status.rb,3.42012
syntax_checkers.rb,1.09861
transaction.rb,0.0
type.rb,0.0
util.rb,5.88799
vendor.rb,3.99441
version.rb,4.38354
disabler.rb,3.43729
locker.rb,3.52217
agent.rb,0.0
apply.rb,0.0
catalog.rb,1.38629
cert.rb,0.0
config.rb,1.33218
describe.rb,0.0
device.rb,5.50406
doc.rb,0.0
epp.rb,1.60944
face_base.rb,0.0
facts.rb,2.04319
filebucket.rb,5.02914
generate.rb,1.60944
help.rb,0.69315
indirection_base.rb,0.63651
key.rb,1.38629
lookup.rb,5.4507
man.rb,1.38629
module.rb,1.09861
node.rb,1.38629
parser.rb,1.60944
plugin.rb,1.09861
report.rb,1.38629
resource.rb,0.0
script.rb,5.3726
ssl.rb,4.66753
status.rb,1.38629
downloader.rb,0.0
fact_handler.rb,0.0
plugin_handler.rb,0.0
any.rb,3.2581
exists.rb,0.0
false.rb,0.0
feature.rb,0.0
true.rb,0.0
variable.rb,0.0
trusted_information.rb,0.0
error.rb,2.84648
error.rb,3.28149
dot.rb,0.0
common.rb,5.80054
pure.rb,1.60944
version.rb,2.07944
generator.rb,5.86484
parser.rb,5.47056
catalog.rb,0.0
config.rb,0.0
epp.rb,5.95361
facts.rb,0.0
generate.rb,4.07224
help.rb,0.0
key.rb,2.5993
man.rb,4.43989
module.rb,2.87148
node.rb,3.29548
parser.rb,4.76672
plugin.rb,3.47746
report.rb,0.0
resource.rb,3.69791
status.rb,3.58512
select.rb,0.0
action.erb,3.85176
face.erb,4.27249
global.erb,0.0
man.erb,4.74906
build.rb,0.0
changes.rb,0.0
generate.rb,0.0
install.rb,0.0
list.rb,5.202
search.rb,0.0
uninstall.rb,4.11862
upgrade.rb,4.2747
clean.rb,4.21096
base.rb,3.44018
bolt.rb,1.09861
cfpropertylist.rb,1.09861
eventlog.rb,1.38629
hiera_eyaml.rb,1.09861
hocon.rb,1.09861
libuser.rb,1.90615
msgpack.rb,0.63651
pe_license.rb,1.38629
selinux.rb,1.09861
ssh.rb,0.69315
telnet.rb,2.19722
zlib.rb,1.38629
dipper.rb,0.0
file.rb,4.30072
base.rb,4.22447
configuration.rb,4.22904
content.rb,3.34365
fileset.rb,4.74541
http_metadata.rb,3.67796
metadata.rb,4.46408
mount.rb,3.27169
terminus_helper.rb,2.8636
terminus_selector.rb,0.0
parser.rb,4.50243
file.rb,4.55922
locales.rb,3.55535
modules.rb,3.07522
pluginfacts.rb,3.55535
plugins.rb,3.26314
tasks.rb,3.04452
file_impl.rb,4.71849
memory_file.rb,4.00061
memory_impl.rb,4.00481
path_pattern.rb,4.4718
posix.rb,0.0
uniquefile.rb,0.0
windows.rb,0.0
cache.rb,0.0
errors.rb,4.41085
repository.rb,0.0
abs.rb,3.63362
alert.rb,2.34199
all.rb,4.54253
annotate.rb,4.59228
any.rb,4.5136
assert_type.rb,3.97909
binary_file.rb,3.08048
break.rb,3.4667
call.rb,4.12378
camelcase.rb,4.12713
capitalize.rb,4.11087
ceiling.rb,3.61092
chomp.rb,4.04305
chop.rb,4.20469
compare.rb,4.82831
contain.rb,3.41476
convert_to.rb,3.32249
crit.rb,2.34199
debug.rb,2.34199
defined.rb,4.6448
dig.rb,3.84514
downcase.rb,4.3173
each.rb,4.60877
emerg.rb,2.34199
empty.rb,4.15018
epp.rb,3.64368
err.rb,2.34199
eyaml_lookup_key.rb,4.22092
filter.rb,4.52206
find_file.rb,3.72118
flatten.rb,4.15888
floor.rb,3.49852
get.rb,4.66937
getvar.rb,4.30656
hiera.rb,4.2015
hiera_array.rb,4.067
hiera_hash.rb,4.1826
hiera_include.rb,4.21934
hocon_data.rb,3.30783
import.rb,1.94591
include.rb,3.25714
info.rb,2.34199
inline_epp.rb,3.78419
join.rb,4.02535
json_data.rb,3.11843
keys.rb,3.21888
length.rb,3.78419
lest.rb,3.95692
lookup.rb,5.15914
lstrip.rb,4.06044
map.rb,4.48568
match.rb,4.55373
max.rb,4.97465
min.rb,4.98311
module_directory.rb,3.71357
new.rb,6.83106
next.rb,2.48491
notice.rb,2.34199
reduce.rb,4.80608
regsubst.rb,4.15727
require.rb,3.63689
return.rb,2.48491
reverse_each.rb,4.42531
round.rb,3.17805
rstrip.rb,4.06044
scanf.rb,3.53963
size.rb,2.70805
slice.rb,4.46105
sort.rb,4.30407
split.rb,3.77865
step.rb,4.42936
strftime.rb,5.1276
strip.rb,4.06044
then.rb,4.28979
tree_each.rb,4.90479
type.rb,4.23816
unique.rb,4.8828
unwrap.rb,3.65816
upcase.rb,4.30172
values.rb,3.21888
versioncmp.rb,3.58352
warning.rb,2.34199
with.rb,2.72353
yaml_data.rb,3.34209
type.rb,5.20965
property.rb,4.14947
type.rb,3.81114
pcore.erb,3.70466
config.rb,4.86088
module_translations.rb,3.30858
stubs.rb,2.3979
key.rb,3.2581
prioritizer.rb,3.3673
rb_tree_map.rb,0.0
relationship_graph.rb,0.0
sequential_prioritizer.rb,3.13549
simple_graph.rb,0.0
code.rb,1.79176
direct_file_server.rb,2.09473
envelope.rb,2.30259
errors.rb,1.60944
exec.rb,3.12394
face.rb,0.0
file_content.rb,1.05492
file_metadata.rb,1.05492
file_server.rb,3.50589
generic_http.rb,2.63906
hiera.rb,4.07859
indirection.rb,5.41323
json.rb,4.24786
memory.rb,3.1594
msgpack.rb,4.38544
none.rb,2.19722
plain.rb,0.0
request.rb,5.06704
rest.rb,5.17419
ssl_file.rb,4.75342
status.rb,1.09861
store_configs.rb,3.4012
terminus.rb,4.86322
yaml.rb,3.55675
compiler.rb,0.0
json.rb,3.47613
msgpack.rb,1.79176
rest.rb,1.79176
store_configs.rb,1.90615
yaml.rb,0.0
file.rb,2.07944
rest.rb,2.5993
file.rb,2.07944
memory.rb,1.79176
rest.rb,2.16396
hiera.rb,1.54983
none.rb,1.90615
facter.rb,0.0
memory.rb,2.19722
network_device.rb,2.93643
rest.rb,2.97851
store_configs.rb,2.27187
yaml.rb,0.0
file.rb,5.03379
rest.rb,2.07944
selector.rb,3.89182
file.rb,0.0
file_server.rb,0.0
http.rb,2.51266
rest.rb,1.32966
selector.rb,3.35499
file.rb,0.0
file_server.rb,0.0
http.rb,2.9915
rest.rb,1.32966
selector.rb,3.35499
file.rb,3.40323
memory.rb,1.79176
exec.rb,0.0
memory.rb,0.0
msgpack.rb,1.94591
plain.rb,2.91249
rest.rb,0.0
store_configs.rb,1.90615
yaml.rb,0.0
msgpack.rb,2.3979
processor.rb,0.0
rest.rb,2.98563
yaml.rb,2.3979
ral.rb,3.70552
store_configs.rb,1.9792
validator.rb,2.07944
local.rb,2.25386
rest.rb,2.04319
class_information_service.rb,4.61226
task_information_service.rb,3.46799
action.rb,0.0
action_builder.rb,0.0
action_manager.rb,0.0
documentation.rb,5.32873
face_collection.rb,0.0
option.rb,0.0
option_builder.rb,0.0
option_manager.rb,0.0
manager.rb,4.83708
task.rb,4.94152
applications.rb,2.35167
checksums.rb,3.70267
contents_description.rb,4.27254
dependency.rb,3.2823
errors.rb,2.14584
installed_modules.rb,4.34774
install_directory.rb,3.5294
local_tarball.rb,4.45748
metadata.rb,4.94505
shared_behaviors.rb,5.16985
tar.rb,2.58231
application.rb,4.03363
checksummer.rb,3.79722
installer.rb,5.29616
searcher.rb,3.05252
uninstaller.rb,4.41192
unpacker.rb,4.0938
upgrader.rb,5.23058
base.rb,2.70805
installer.rb,4.17227
shared.rb,4.83253
uninstaller.rb,3.80112
upgrader.rb,3.90951
gnu.rb,2.50666
mini.rb,4.17115
authconfig.rb,0.0
authorization.rb,0.0
authstore.rb,0.0
auth_config_parser.rb,4.29957
client_request.rb,3.1418
format.rb,4.38541
formats.rb,5.11662
format_handler.rb,4.1556
format_support.rb,4.49922
http.rb,2.67954
http_pool.rb,3.61337
resolver.rb,4.64458
rest_controller.rb,0.69315
rights.rb,0.0
api.rb,3.18392
compression.rb,4.54489
connection.rb,5.27994
error.rb,3.85582
factory.rb,3.56933
handler.rb,4.74971
issues.rb,2.25386
memory_response.rb,2.24504
nocache_pool.rb,0.0
pool.rb,4.29125
request.rb,3.80533
response.rb,2.902
route.rb,4.20654
session.rb,2.42548
site.rb,3.27256
indirected_routes.rb,0.0
indirection_type.rb,3.46574
master.rb,0.69315
v3.rb,0.0
authorization.rb,0.0
environment.rb,3.97983
environments.rb,0.0
environment.rb,5.73657
facts.rb,4.47975
boolean.rb,2.35167
package_options.rb,3.21039
path.rb,3.79984
value.rb,4.06706
value_collection.rb,4.93882
abstract_compiler.rb,3.5065
ast.rb,3.42949
catalog_compiler.rb,3.97584
compiler.rb,0.0
e4_parser_adapter.rb,3.63255
environment_compiler.rb,4.72627
files.rb,4.06648
functions.rb,5.03127
parser_factory.rb,2.64916
relationship.rb,4.1724
resource.rb,5.51654
scope.rb,6.3932
script_compiler.rb,4.21553
templatewrapper.rb,4.05271
type_loader.rb,4.36
block_expression.rb,2.36938
branch.rb,2.68595
hostclass.rb,3.19315
leaf.rb,4.06911
node.rb,2.58857
pops_bridge.rb,5.14848
resource.rb,0.0
resourceparam.rb,0.0
resource_instance.rb,2.16396
top_level_construct.rb,1.38629
catalog_validator.rb,0.0
env_relationship_validator.rb,4.15888
relationship_validator.rb,3.69583
site_validator.rb,2.99573
assert_type.rb,3.8864
binary_file.rb,3.17805
break.rb,3.66356
contain.rb,3.21636
create_resources.rb,4.31674
defined.rb,4.65987
dig.rb,3.4187
digest.rb,1.60944
each.rb,4.48443
epp.rb,0.0
fail.rb,1.38629
file.rb,3.0027
filter.rb,4.10789
find_file.rb,3.3322
fqdn_rand.rb,3.39098
generate.rb,3.26092
hiera.rb,4.50014
hiera_array.rb,4.35604
hiera_hash.rb,4.47034
hiera_include.rb,4.45041
include.rb,3.36327
inline_epp.rb,0.0
inline_template.rb,2.86474
lest.rb,3.89182
lookup.rb,4.83029
map.rb,4.11184
match.rb,3.53552
md5.rb,1.33218
new.rb,6.38133
next.rb,3.63759
realize.rb,2.64916
reduce.rb,4.85927
regsubst.rb,3.6392
require.rb,3.44628
return.rb,4.43138
reverse_each.rb,4.41884
scanf.rb,3.26092
sha1.rb,1.03972
sha256.rb,1.60944
shellquote.rb,3.83816
slice.rb,3.24095
split.rb,2.96694
sprintf.rb,3.79271
step.rb,4.43082
strftime.rb,5.13043
tag.rb,2.25386
tagged.rb,2.84648
template.rb,3.22359
then.rb,4.2145
type.rb,3.97029
versioncmp.rb,2.98487
with.rb,3.03514
param.rb,3.01645
configuration.rb,0.0
syntax_checkers.rb,0.0
adaptable.rb,0.0
adapters.rb,0.0
issues.rb,0.0
issue_reporter.rb,4.48983
label_provider.rb,0.0
loaders.rb,5.56763
lookup.rb,0.0
merge_strategy.rb,5.44523
patterns.rb,0.0
pcore.rb,4.38388
pn.rb,5.31698
puppet_stack.rb,3.94577
semantic_error.rb,3.31949
serialization.rb,3.47105
utils.rb,0.0
validation.rb,0.0
visitable.rb,0.0
visitor.rb,0.0
access_operator.rb,5.93026
callable_signature.rb,4.65987
closure.rb,5.24454
collector_transformer.rb,4.98416
compare_operator.rb,5.00019
deferred_resolver.rb,4.71824
epp_evaluator.rb,4.29334
evaluator_impl.rb,6.53659
external_syntax_support.rb,3.6
json_strict_literal_evaluator.rb,4.36945
literal_evaluator.rb,4.40599
puppet_proc.rb,3.75192
relationship_operator.rb,4.81472
runtime3_converter.rb,5.02238
runtime3_resource_support.rb,4.64369
runtime3_support.rb,5.65708
abstract_collector.rb,4.14807
catalog_collector.rb,3.08048
exported_collector.rb,3.97292
fixed_set_collector.rb,3.29704
dispatch.rb,4.27926
dispatcher.rb,3.68485
function.rb,4.46341
base_loader.rb,4.60871
dependency_loader.rb,4.34097
gem_support.rb,3.89182
loader.rb,4.90605
loader_paths.rb,5.38462
module_loaders.rb,5.64133
null_loader.rb,3.72467
predefined_loader.rb,2.83899
puppet_function_instantiator.rb,4.04531
puppet_plan_instantiator.rb,4.43082
puppet_resource_type_impl_instantiator.rb,3.95027
ruby_data_type_instantiator.rb,3.6011
ruby_function_instantiator.rb,3.62182
ruby_legacy_function_instantiator.rb,3.9259
runtime3_type_loader.rb,4.08473
simple_environment_loader.rb,2.8571
static_loader.rb,4.26096
task_instantiator.rb,2.81336
typed_name.rb,3.61988
type_definition_instantiator.rb,4.41109
uri_helper.rb,3.09104
configured_data_provider.rb,4.18778
context.rb,4.82514
data_adapter.rb,2.78047
data_dig_function_provider.rb,4.69099
data_hash_function_provider.rb,4.50476
data_provider.rb,4.23549
environment_data_provider.rb,3.05015
explainer.rb,5.98364
function_provider.rb,4.40586
global_data_provider.rb,3.65415
hiera_config.rb,0.0
interpolation.rb,4.58227
invocation.rb,5.08438
location_resolver.rb,4.44109
lookup_adapter.rb,0.0
lookup_key.rb,4.59512
lookup_key_function_provider.rb,4.35035
module_data_provider.rb,4.08747
sub_lookup.rb,4.19028
migration_checker.rb,3.54047
ast.pp,6.52742
ast.rb,8.32736
ast_transformer.rb,0.0
factory.rb,0.0
model_label_provider.rb,0.0
model_tree_dumper.rb,0.0
pn_transformer.rb,5.99146
tree_dumper.rb,0.0
code_merger.rb,3.06243
egrammar.ra,0.0
eparser.rb,0.0
epp_parser.rb,3.85657
epp_support.rb,5.41842
evaluating_parser.rb,4.62743
heredoc_support.rb,4.69241
interpolation_support.rb,5.29756
lexer2.rb,6.35079
lexer_support.rb,4.9503
locatable.rb,2.63906
locator.rb,5.30122
parser_support.rb,0.0
pn_parser.rb,5.75574
slurp_support.rb,4.51885
param.rb,3.65446
resource_type_impl.rb,5.39503
resource_type_set.pcore,2.87822
abstract_reader.rb,5.06203
abstract_writer.rb,5.20049
deserializer.rb,3.96155
extension.rb,4.74011
from_data_converter.rb,4.69641
instance_reader.rb,2.94444
instance_writer.rb,2.63906
json.rb,5.40901
json_path.rb,4.83327
object.rb,4.07026
serializer.rb,4.58759
time_factory.rb,4.184
to_data_converter.rb,5.57063
to_stringified_converter.rb,5.40213
timespan.rb,6.4121
timestamp.rb,4.59749
annotatable.rb,3.23695
annotation.rb,4.26268
class_loader.rb,4.52857
enumeration.rb,2.45831
implementation_registry.rb,4.56122
iterable.rb,5.57647
puppet_object.rb,3.05587
p_binary_type.rb,5.05517
p_init_type.rb,5.34413
p_meta_type.rb,4.11922
p_object_type.rb,6.38312
p_object_type_extension.rb,5.09581
p_runtime_type.rb,4.43901
p_sem_ver_range_type.rb,4.84834
p_sem_ver_type.rb,4.61423
p_sensitive_type.rb,4.19551
p_timespan_type.rb,4.88926
p_timestamp_type.rb,4.10056
p_type_set_type.rb,5.71003
p_uri_type.rb,5.21784
recursion_guard.rb,4.48953
ruby_generator.rb,5.72258
ruby_method.rb,3.43399
string_converter.rb,6.72539
tree_iterators.rb,5.24456
types.rb,7.56224
type_acceptor.rb,3.10797
type_asserter.rb,3.40611
type_assertion_error.rb,3.24449
type_calculator.rb,6.06493
type_conversion_error.rb,2.70805
type_factory.rb,5.72264
type_formatter.rb,0.0
type_mismatch_describer.rb,6.5676
type_parser.rb,5.88505
type_set_reference.rb,4.07754
type_with_members.rb,3.7612
checker4_0.rb,6.24797
tasks_checker.rb,4.13291
validator_factory_4_0.rb,3.29768
boolean.rb,1.94591
ensure.rb,4.34531
keyvalue.rb,4.69638
list.rb,4.06006
ordered_list.rb,2.98487
aix_object.rb,6.18002
command.rb,2.80978
confine.rb,1.79176
exec.rb,4.10933
ldap.rb,4.79855
nameservice.rb,5.39031
network_device.rb,3.98785
package.rb,3.80255
parsedfile.rb,5.7204
posix.rb,3.18367
shell.rb,2.83071
windows.rb,3.60405
posix.rb,4.50607
windows.rb,0.0
aix.rb,3.73488
directoryservice.rb,2.33837
groupadd.rb,4.32849
ldap.rb,3.68967
pw.rb,3.44534
windows_adsi.rb,3.93904
directoryservice.rb,5.77718
objectadd.rb,2.3979
pw.rb,2.97851
aix.rb,4.58937
appdmg.rb,4.37484
apple.rb,3.56776
apt.rb,4.41739
aptitude.rb,3.06243
aptrpm.rb,4.24551
blastwave.rb,4.49144
dnf.rb,3.67317
dpkg.rb,4.67685
fink.rb,4.1232
freebsd.rb,3.59515
gem.rb,4.63089
hpux.rb,3.75268
macports.rb,4.53031
nim.rb,5.2055
openbsd.rb,4.86215
opkg.rb,4.30242
pacman.rb,5.16855
pip.rb,4.91741
pip3.rb,2.8571
pkg.rb,4.94794
pkgdmg.rb,4.5856
pkgin.rb,4.19502
pkgng.rb,4.80773
pkgutil.rb,4.71316
portage.rb,5.22764
ports.rb,4.29315
portupgrade.rb,5.21327
puppet_gem.rb,2.75167
rpm.rb,5.66837
rug.rb,3.80112
sun.rb,4.41205
sunfreeware.rb,2.07944
tdnf.rb,3.3322
up2date.rb,3.42358
urpmi.rb,3.59515
windows.rb,4.19048
yum.rb,5.08615
zypper.rb,4.35979
exe_package.rb,4.24315
msi_package.rb,4.12713
package.rb,4.38336
base.rb,4.66633
bsd.rb,3.53066
daemontools.rb,5.0932
debian.rb,0.0
freebsd.rb,4.70347
gentoo.rb,3.39514
init.rb,0.0
launchd.rb,5.38089
openbsd.rb,4.10976
openrc.rb,4.22363
openwrt.rb,3.58352
rcng.rb,3.93183
redhat.rb,0.0
runit.rb,4.3502
service.rb,3.71357
smf.rb,0.0
src.rb,4.73581
systemd.rb,4.68595
upstart.rb,5.52745
windows.rb,4.31171
aix.rb,5.319
directoryservice.rb,6.14557
hpux.rb,4.18906
ldap.rb,4.67874
openbsd.rb,4.06848
pw.rb,4.14991
useradd.rb,4.93812
user_role_add.rb,5.17802
windows_adsi.rb,4.21357
configuration.rb,4.09588
function.rb,2.58857
indirection.rb,3.96722
metaparameter.rb,3.06596
providers.rb,4.47698
report.rb,2.73634
type.rb,4.39326
http.rb,2.96901
log.rb,2.34199
store.rb,3.67812
capability_finder.rb,4.60277
catalog.rb,0.0
status.rb,4.7766
type.rb,0.0
type_collection.rb,0.0
client.rb,3.93636
errors.rb,2.63906
response.rb,3.40404
route.rb,3.99426
routes.rb,4.65208
ssl_context.rb,2.07944
job.rb,3.91798
scheduler.rb,3.33722
splay_job.rb,3.46574
timer.rb,2.56495
array_setting.rb,2.83321
autosign_setting.rb,2.902
base_setting.rb,0.0
boolean_setting.rb,0.0
certificate_revocation_setting.rb,3.04452
config_file.rb,4.39784
directory_setting.rb,2.2161
duration_setting.rb,3.30878
enum_setting.rb,2.77259
environment_conf.rb,4.9388
errors.rb,0.0
file_or_directory_setting.rb,3.48094
file_setting.rb,0.0
ini_file.rb,4.88448
path_setting.rb,0.0
priority_setting.rb,3.73767
server_list_setting.rb,2.99573
string_setting.rb,0.0
symbolic_enum_setting.rb,2.83321
terminus_setting.rb,2.36938
ttl_setting.rb,3.71437
value_translator.rb,2.70805
base.rb,4.57382
certificate.rb,4.12774
certificate_request.rb,5.33369
certificate_request_attributes.rb,3.38611
certificate_signer.rb,3.03441
digest.rb,2.99573
host.rb,5.89275
key.rb,3.73085
oids.rb,4.57909
validator.rb,3.71437
default_validator.rb,4.94154
no_validator.rb,0.0
base64.rb,3.66356
json.rb,0.0
test_helper.rb,5.04067
additional_resource_generator.rb,4.94765
event.rb,4.23827
event_manager.rb,4.61094
persistence.rb,4.39379
report.rb,5.40054
resource_harness.rb,5.36797
component.rb,0.0
exec.rb,5.99584
file.rb,0.0
filebucket.rb,0.0
group.rb,4.836
notify.rb,3.54603
package.rb,0.0
resources.rb,4.84582
schedule.rb,5.68489
service.rb,0.0
stage.rb,2.93643
tidy.rb,5.51286
user.rb,6.07357
whit.rb,3.24095
checksum.rb,0.0
checksum_value.rb,3.60704
content.rb,0.0
ctime.rb,2.8571
data_sync.rb,4.39844
ensure.rb,0.0
group.rb,0.0
mode.rb,0.0
mtime.rb,2.81336
owner.rb,0.0
selcontext.rb,4.42618
source.rb,0.0
target.rb,0.0
type.rb,0.0
at_fork.rb,3.55535
autoload.rb,0.0
backups.rb,4.14807
character_encoding.rb,3.8655
checksums.rb,5.12997
classgen.rb,5.03566
colors.rb,4.56358
command_line.rb,4.76061
connection.rb,4.30407
constant_inflector.rb,2.65819
diff.rb,4.15225
docs.rb,4.64216
errors.rb,4.37934
execution.rb,5.44421
execution_stub.rb,3.2581
feature.rb,0.0
fileparsing.rb,5.71499
filetype.rb,5.40016
file_watcher.rb,3.3322
http_proxy.rb,4.82702
inifile.rb,5.20422
instance_loader.rb,3.64782
json.rb,3.65865
json_lockfile.rb,0.0
ldap.rb,0.0
libuser.conf,0.0
libuser.rb,2.25386
limits.rb,2.48491
lockfile.rb,3.85358
log.rb,5.53984
logging.rb,4.93591
metaid.rb,2.91249
metric.rb,3.04114
monkey_patches.rb,3.86896
multi_match.rb,3.90464
network_device.rb,2.83321
package.rb,3.16567
pidlock.rb,3.60071
platform.rb,3.4187
plist.rb,4.66103
posix.rb,4.66009
profiler.rb,3.53204
provider_features.rb,4.94473
psych_support.rb,3.23318
rdoc.rb,3.64974
reference.rb,4.24104
resource_template.rb,3.95179
retry_action.rb,0.0
rubygems.rb,3.70737
run_mode.rb,0.0
selinux.rb,5.12613
skip_tags.rb,2.19722
splayer.rb,2.89037
ssl.rb,4.13171
storage.rb,4.23753
suidmanager.rb,4.58313
symbolic_file_mode.rb,4.86392
tagging.rb,4.08804
tag_set.rb,2.8944
terminal.rb,2.77259
user_attr.rb,2.97851
warnings.rb,3.14879
watched_file.rb,0.0
watcher.rb,2.83321
windows.rb,3.31309
yaml.rb,3.61438
noop.rb,2.89037
solaris.rb,5.05785
puppet_option_parser.rb,4.12776
trollop.rb,0.0
connection.rb,3.98997
generator.rb,3.59247
manager.rb,5.48048
destination.rb,3.75036
destinations.rb,4.99124
base.rb,2.72555
config.rb,4.31891
transport.rb,1.05492
base.rb,3.2581
aggregate.rb,4.44265
around_profiler.rb,0.0
logging.rb,3.75568
object_counts.rb,2.83321
wall_clock.rb,0.0
code_objects.rb,5.32335
parser.rb,2.48491
puppet_generator.rb,6.56016
puppet.rb,6.89095
puppet_parser_core.rb,4.81072
puppet_parser_rdoc2.rb,2.24297
change_watcher.rb,3.49651
periodic_watcher.rb,3.61092
timer.rb,2.94444
access_control_entry.rb,4.24928
access_control_list.rb,4.55563
adsi.rb,0.0
api_types.rb,5.09855
com.rb,5.30287
error.rb,4.10719
eventlog.rb,5.22691
file.rb,5.67247
principal.rb,5.0165
process.rb,5.53734
registry.rb,5.6031
root_certs.rb,4.33071
security.rb,6.26595
security_descriptor.rb,4.06006
service.rb,6.55625
sid.rb,4.9388
string.rb,2.20479
user.rb,5.4551
load_deep_merge.rb,0.0
load_pathspec.rb,0.0
require_vendored.rb,1.09861
CHANGELOG,3.80666
deep_merge.gemspec,3.55535
Gemfile,1.09861
LICENSE,3.04452
PUPPET_README.md,1.79176
Rakefile,2.94444
README.md,4.72739
deep_merge.rb,0.69315
core.rb,5.34711
deep_merge_hash.rb,3.3322
rails_compat.rb,3.29584
test_deep_merge.rb,6.41017
CHANGELOG.md,0.69315
LICENSE,5.3033
PUPPET_README.md,1.79176
README.md,3.97029
pathspec.rb,4.79266
gitignorespec.rb,5.61677
regexspec.rb,2.83321
spec.rb,2.63906
config.yaml,3.3673
puppet.pot,8.57034
puppet.po,2.94444
puppet.po,8.89541
puppet.conf.5,7.06522
puppet-agent.8,4.83803
puppet-apply.8,4.21553
puppet-catalog.8,5.41829
puppet-config.8,4.51684
puppet-describe.8,3.93183
puppet-device.8,4.23086
puppet-doc.8,3.52636
puppet-epp.8,5.79251
puppet-facts.8,4.8715
puppet-filebucket.8,4.72638
puppet-generate.8,4.43082
puppet-help.8,4.03654
puppet-key.8,4.7671
puppet-lookup.8,4.64439
puppet-man.8,4.19616
puppet-module.8,5.63353
puppet-node.8,4.70678
puppet-parser.8,4.25928
puppet-plugin.8,4.22869
puppet-report.8,4.35763
puppet-resource.8,4.3648
puppet-script.8,4.20469
puppet-ssl.8,3.3322
puppet-status.8,4.36706
puppet.8,3.19315
spec_helper.rb,4.80051
watchr.rb,0.0
hiera.yaml,2.19722
java.tgz,0.0
module.tar.gz,0.0
stdlib.tgz,0.69315
syntax.rb,2.07944
00_a.pp,0.69315
01_b.pp,1.79176
03_empty.pp,0.0
04_include.pp,0.69315
00_a.pp,0.69315
03_c.pp,0.0
04_include.pp,0.69315
01_b.pp,1.79176
site.pp,0.0
metadata.json,0.0
Modulefile,0.69315
httpd,3.17805
test.vhost,2.89037
debian.rb,3.04452
a2mod.rb,2.48491
dev.pp,1.60944
init.pp,3.52636
params.pp,2.83321
php.pp,1.60944
ssl.pp,2.70805
vhost.pp,2.70805
vhost-default.conf.erb,2.99573
apache.pp,0.0
dev.pp,0.0
init.pp,0.0
php.pp,0.0
ssl.pp,0.0
vhost.pp,0.69315
environment.conf,0.0
common.yaml,3.06253
site.pp,0.0
environment.conf,0.0
data.pp,0.0
site.pp,0.0
environment.conf,0.69315
hiera.yaml,1.60944
bad.json,1.09861
site.pp,1.60944
environment.conf,0.69315
hiera.yaml,1.60944
bad.yaml,1.09861
site.pp,1.60944
environment.conf,0.69315
common.yaml,0.69315
site.pp,0.0
metadata.json,2.19722
common.yaml,0.69315
init.pp,1.60944
environment.conf,0.69315
hiera.yaml,2.83899
first.json,1.09861
name.yaml,0.69315
second.json,1.09861
single.yaml,0.69315
third_utf8.json,1.09861
utf8.yaml,1.09861
single.yaml,0.69315
site.pp,1.60944
environment.conf,0.69315
common.yaml,3.35134
site.pp,0.0
metadata.json,2.19722
common.yaml,3.30878
init.pp,2.45831
environment.conf,0.69315
hiera.yaml,1.94591
common.yaml,1.38629
specific.yaml,1.38629
site.pp,0.0
hiera.yaml,1.60944
metadata.json,2.19722
common.yaml,1.79176
init.pp,0.69315
hiera.yaml,1.60944
metadata.json,2.19722
common.yaml,1.38629
init.pp,1.09861
environment.conf,0.69315
hiera.yaml,1.94591
common.yaml,1.38629
specific.yaml,1.38629
site.pp,0.0
hiera.yaml,2.8571
metadata.json,2.19722
first.json,1.09861
name.yaml,0.69315
second.json,1.09861
server1.yaml,0.0
server2.yaml,0.0
single.yaml,0.69315
single.yaml,0.69315
init.pp,1.60944
environment.conf,0.0
data.rb,1.88916
metadata.json,2.19722
data.rb,2.04319
init.pp,2.16396
metadata.json,2.19722
data.pp,1.79176
init.pp,2.19722
hieraspec_backend.rb,3.09104
common.yaml,2.94444
custom_backend.rb,2.89037
other_backend.rb,1.94591
common.yaml,0.0
environment.conf,0.0
data.rb,0.0
metadata.json,2.19722
data.rb,0.0
init.pp,0.0
metadata.json,2.19722
data.rb,0.0
init.pp,0.0
metadata.json,2.19722
data.rb,0.0
init.pp,0.0
hiera.yaml,0.0
metadata.json,0.0
empty.json,0.0
init.pp,0.0
hiera.yaml,0.0
metadata.json,0.0
empty_key.json,0.0
init.pp,0.0
hiera.yaml,0.0
metadata.json,0.0
empty_key.yaml,0.0
init.pp,0.0
hiera.yaml,0.0
metadata.json,0.0
empty.yaml,0.0
init.pp,0.0
hiera.yaml,0.0
metadata.json,0.0
first.json,0.0
init.pp,0.0
metadata.json,0.0
data.rb,0.0
init.pp,0.0
init.pp,0.0
global.yaml,0.0
invalid.yaml,0.0
global.yaml,2.30259
invalid.yaml,0.0
trailing-comma.json,3.17805
init.pp,1.09861
wrongdefine.pp,1.09861
aliastest.pp,2.77259
append.pp,2.3979
argumentdefaults.pp,2.63906
arithmetic_expression.pp,2.07944
arraytrailingcomma.pp,1.09861
casestatement.pp,4.17439
classheirarchy.pp,2.70805
classincludes.pp,2.83321
classpathtest.pp,2.3979
collection.pp,2.30259
collection_override.pp,2.07944
collection_within_virtual_definitions.pp,2.99573
componentmetaparams.pp,2.3979
componentrequire.pp,2.07944
deepclassheirarchy.pp,3.13549
defineoverrides.pp,2.83321
emptyclass.pp,2.19722
emptyexec.pp,1.09861
emptyifelse.pp,2.19722
falsevalues.pp,1.09861
filecreate.pp,2.3979
fqdefinition.pp,1.60944
fqparents.pp,2.3979
funccomma.pp,1.60944
hash.pp,3.49651
ifexpression.pp,2.48491
implicititeration.pp,2.70805
multilinecomments.pp,2.30259
multipleclass.pp,2.19722
multipleinstances.pp,1.94591
multisubs.pp,2.56495
namevartest.pp,2.19722
scopetest.pp,2.56495
selectorvalues.pp,3.89182
simpledefaults.pp,1.60944
simpleselector.pp,3.63759
singleary.pp,2.94444
singlequote.pp,2.3979
singleselector.pp,3.09104
subclass_name_duplication.pp,2.3979
tag.pp,2.19722
tagged.pp,3.55535
virtualresources.pp,2.63906
binder_config.yaml,1.73287
confdirtest.rb,2.07944
default.rb,2.89037
echo_scheme_handler.rb,0.0
default.rb,1.60944
default.rb,0.69315
binder_config.yaml,1.79176
binder_config.yaml,1.73513
usee_puppet.pp,1.09861
callee.rb,0.0
usee_ruby.rb,1.79176
usee_type.rb,1.60944
init.pp,1.90615
zero.pp,0.0
callee.rb,0.0
metadata.json,0.0
puppet_calling_puppet.pp,1.60944
puppet_calling_puppet_init.pp,1.60944
puppet_calling_ruby.pp,1.60944
caller.rb,0.0
caller2.rb,0.0
ruby_calling_puppet.rb,1.60944
ruby_calling_puppet_init.rb,1.60944
ruby_calling_ruby.rb,1.60944
init.pp,4.33843
withuseeone.pp,0.0
withuseezero.pp,0.0
metadata.json,2.19722
callee.rb,2.07944
callee_ws.rb,2.07944
metadata.json,2.19722
puppetcalled.pp,1.09861
puppetcaller.pp,1.09861
puppetcaller4.pp,1.09861
caller.rb,1.60944
caller_ws.rb,2.48491
callingpuppet.rb,1.60944
metadata.json,2.07944
hello.pp,1.09861
init.pp,1.09861
site.pp,2.16396
addlogic.pp,0.69315
badcall.pp,0.0
empty.pp,0.69315
myresource.pp,1.38629
wrongname.pp,0.0
metadata.json,2.07944
hello.pp,1.09861
hello.pp,1.09861
rb_func_a.rb,1.60944
rb_func_a.rb,1.60944
init.pp,1.09861
rb_func_b.rb,1.79176
init.pp,1.09861
aliastest.pp,0.0
append.pp,0.0
argumentdefaults.pp,0.0
arithmetic_expression.pp,0.0
arraytrailingcomma.pp,0.0
casestatement.pp,0.0
classheirarchy.pp,0.0
classincludes.pp,0.0
classpathtest.pp,0.0
collection.pp,0.0
collection_override.pp,0.0
collection_within_virtual_definitions.pp,0.0
componentmetaparams.pp,0.0
componentrequire.pp,0.0
deepclassheirarchy.pp,0.0
defineoverrides.pp,0.0
emptyclass.pp,0.0
emptyexec.pp,0.0
emptyifelse.pp,0.0
falsevalues.pp,0.0
filecreate.pp,0.0
fqdefinition.pp,0.0
fqparents.pp,0.0
funccomma.pp,0.0
hash.pp,0.0
ifexpression.pp,0.0
implicititeration.pp,0.0
multilinecomments.pp,0.0
multipleclass.pp,0.0
multipleinstances.pp,0.0
multisubs.pp,0.0
namevartest.pp,0.0
scopetest.pp,0.0
selectorvalues.pp,0.0
simpledefaults.pp,0.0
simpleselector.pp,0.0
singleary.pp,0.0
singlequote.pp,0.0
singleselector.pp,0.0
subclass_name_duplication.pp,0.0
tag.pp,0.0
tagged.pp,0.0
virtualresources.pp,0.0
aix_colon_list_real_world_input.out,0.0
aix_colon_list_real_world_output.out,0.0
single_line.yaml,5.6058
vixie_header.txt,1.09861
managed,1.79176
simple,2.19722
gem-list-single-package,1.38629
line-with-1.8.5-warning,2.63906
pkginfo.detail,2.94444
pkginfo.list,2.30259
pkginfo.query,0.0
pkginfo_flavors.list,0.69315
dummy_implicit_version,1.09861
dummy_solaris10,0.0
dummy_solaris11.certificate_warning,0.69315
dummy_solaris11.ifo.installed,0.0
dummy_solaris11.ifo.known,0.0
dummy_solaris11.installed,0.0
dummy_solaris11.known,0.0
incomplete,0.0
solaris11,0.69315
unknown_status,2.48491
pkg.info,1.79176
pkg.query,0.0
pkg.query_absent,0.0
pkg.version,1.09861
dummy.server,2.48491
simple,3.17805
yum-check-update-broken-notices.txt,5.23111
yum-check-update-multiline.txt,5.3033
yum-check-update-obsoletes.txt,5.273
yum-check-update-plugin-output.txt,3.58352
yum-check-update-security.txt,5.21494
yum-check-update-simple.txt,2.45831
zypper-list-updates-empty.out,1.09861
zypper-list-updates-SLES11sp1.out,5.9108
simple.txt,1.94591
ps_ef.mixed_encoding,1.09861
rc_update_show,3.4012
rcctl_getall,0.0
rcservice_list,2.07944
rcstatus,3.72896
svcs.out,1.38629
list_unit_files_services,1.94591
aix_passwd_file.out,3.46574
tagmail_email.conf,0.69315
tagmail_failers.conf,1.09861
tagmail_passers.conf,3.4012
old-style-cert-exts.pem,3.49651
old-style-cert-request.pem,3.3322
authorized_keys,1.79176
aixtab_output,3.78419
suntab_output,2.19722
x509.pem,3.46574
basic.pp,2.77259
should_yield_to_the_block.yml,0.0
should_yield_to_the_block.yml,0.0
should_yield_to_the_block.yml,0.0
should_fetch_if_not_on_the_local_disk.yml,0.0
should_not_update_if_content_on_disk_is_up-to-date.yml,0.0
should_update_if_content_differs_on_disk.yml,0.0
should_fetch_if_mtime_is_older_on_disk.yml,0.0
should_fetch_if_not_on_the_local_disk.yml,0.0
should_fetch_if_no_header_specified.yml,0.0
should_not_update_if_mtime_is_newer_on_disk.yml,0.0
report2.6.x.yaml,5.24702
test.local.yaml,2.77259
configurer_spec.rb,0.0
data_binding_spec.rb,0.0
defaults_spec.rb,0.0
directory_environments_spec.rb,3.79087
node_spec.rb,0.0
reports_spec.rb,0.0
type_spec.rb,0.0
util_spec.rb,4.72358
logging_spec.rb,4.97826
apply_spec.rb,0.0
doc_spec.rb,2.04319
lookup_spec.rb,4.94889
default_manifest_spec.rb,4.92441
settings_interpolation_spec.rb,4.36188
settings_spec.rb,4.50546
setting_hooks_spec.rb,3.29584
config_spec.rb,4.3711
documentation_spec.rb,3.78148
plugin_spec.rb,3.89776
file_spec.rb,3.53598
content_spec.rb,0.0
fileset_spec.rb,0.0
metadata_spec.rb,0.0
terminus_helper_spec.rb,0.0
uniquefile_spec.rb,3.2581
direct_file_server_spec.rb,0.0
compiler_spec.rb,0.0
facter_spec.rb,4.46654
file_server_spec.rb,0.0
file_server_spec.rb,0.0
mini_spec.rb,3.3322
authconfig_spec.rb,0.0
formats_spec.rb,0.0
indirected_routes_spec.rb,3.90951
environment_spec.rb,0.0
facts_spec.rb,0.0
catalog_spec.rb,0.0
class_spec.rb,3.22389
collection_spec.rb,0.0
compiler_spec.rb,0.0
conditionals_spec.rb,4.36945
dynamic_scoping_spec.rb,4.08815
environment_spec.rb,3.82065
node_spec.rb,4.8499
parameter_defaults_spec.rb,5.84955
pcore_resource_spec.rb,5.26129
resource_expressions_spec.rb,5.01388
scope_spec.rb,6.13364
script_compiler_spec.rb,4.52184
undef_param_spec.rb,4.26203
init_spec.rb,0.0
systemd_spec.rb,2.947
windows_spec.rb,3.79591
providers_spec.rb,0.0
catalog_spec.rb,0.0
type_collection_spec.rb,0.0
certificate_request_spec.rb,0.0
host_spec.rb,0.0
key_spec.rb,4.64439
test_helper_spec.rb,3.46574
report_spec.rb,0.0
exec_spec.rb,4.34381
file_spec.rb,0.0
package_spec.rb,0.0
tidy_spec.rb,0.0
autoload_spec.rb,0.0
execution_spec.rb,3.49656
settings_spec.rb,0.0
parser_spec.rb,0.0
adsi_spec.rb,5.08547
principal_spec.rb,5.02918
process_spec.rb,4.32241
registry_spec.rb,0.0
security_spec.rb,6.32516
user_spec.rb,4.61196
containment_matchers.rb,3.95124
include.rb,3.29584
include_in_order.rb,2.79851
include_in_order_spec.rb,3.4012
include_spec.rb,3.46574
json.rb,4.3388
match_tokens2.rb,4.30407
relationship_graph_matchers.rb,3.8712
resource.rb,4.01599
certificate_factory.rb,0.0
indirector_proxy.rb,3.52636
indirector_testing.rb,3.10407
test_ca.rb,4.69135
basetest.rb,3.85028
huzzah.rb,0.0
version_matching.rb,2.25386
huzzah.rb,1.94591
obsolete.rb,1.79176
json.rb,1.79176
memory.rb,1.94591
msgpack.rb,1.79176
character_encoding.rb,2.48491
compiler.rb,4.28201
files.rb,4.05291
fixtures.rb,3.3322
handler.rb,3.97029
language.rb,3.89689
matchers.rb,4.58833
modules.rb,3.59884
network.rb,4.51329
pops.rb,3.27169
scope.rb,2.63906
settings.rb,3.33577
ssl.rb,5.24088
unindent.rb,1.60944
validators.rb,3.61092
verbose.rb,2.19722
shared_functions.rb,3.85206
stub_source.rb,4.88207
all_parsedfile_providers.rb,3.04452
an_indirector_face.rb,1.79176
documentation_on_faces.rb,5.052
file_server_terminus.rb,0.0
file_serving.rb,0.0
file_serving_model.rb,3.3177
hiera_indirections.rb,4.46909
iterative_functions.rb,0.0
memory_terminus.rb,3.05252
path_parameters.rb,4.79855
store_configs_terminus.rb,3.04452
things_that_declare_options.rb,5.36528
checksum.rb,3.54501
digests.rb,0.0
types_setup.rb,4.66548
rhel_package_provider.rb,5.75421
agent_spec.rb,0.0
application_spec.rb,0.0
capability_spec.rb,5.72382
certificate_factory_spec.rb,0.0
configurer_spec.rb,0.0
confiner_spec.rb,0.0
confine_collection_spec.rb,0.0
confine_spec.rb,0.0
context_spec.rb,4.41933
daemon_spec.rb,0.0
datatypes_spec.rb,5.56252
data_binding_spec.rb,2.3979
defaults_spec.rb,4.9564
environments_spec.rb,6.01693
etc_spec.rb,5.71057
face_spec.rb,0.0
file_system_spec.rb,0.0
forge_spec.rb,5.3686
functions4_spec.rb,6.41211
hiera_puppet_spec.rb,4.51402
indirector_spec.rb,0.0
info_service_spec.rb,5.40124
interface_spec.rb,0.0
man_spec.rb,3.46574
module_spec.rb,0.0
module_tool_spec.rb,5.37189
node_spec.rb,0.0
parameter_spec.rb,0.0
property_spec.rb,0.0
provider_spec.rb,0.0
puppet_pal_2pec.rb,6.21659
puppet_pal_catalog_spec.rb,6.63796
puppet_pal_spec.rb,1.03972
puppet_spec.rb,0.0
relationship_spec.rb,0.0
reports_spec.rb,0.0
resource_spec.rb,0.0
settings_spec.rb,0.0
status_spec.rb,0.0
task_spec.rb,5.14116
transaction_spec.rb,0.0
type_spec.rb,0.0
util_spec.rb,6.1576
version_spec.rb,3.90634
disabler_spec.rb,3.84877
locker_spec.rb,0.0
agent_spec.rb,0.0
apply_spec.rb,0.0
config_spec.rb,2.24504
describe_spec.rb,0.0
device_spec.rb,5.83538
doc_spec.rb,0.0
face_base_spec.rb,0.0
facts_spec.rb,2.51266
filebucket_spec.rb,0.0
indirection_base_spec.rb,3.41618
lookup_spec.rb,5.83936
resource_spec.rb,0.0
ssl_spec.rb,5.40308
downloader_spec.rb,0.0
fact_handler_spec.rb,0.0
plugin_handler_spec.rb,0.0
exists_spec.rb,0.0
false_spec.rb,0.0
feature_spec.rb,0.0
true_spec.rb,0.0
variable_spec.rb,0.0
trusted_information_spec.rb,0.0
function_data_provider_spec.rb,4.50788
hiera_data_provider_spec.rb,5.56307
pson_spec.rb,0.0
catalog_spec.rb,1.94591
config_spec.rb,0.0
epp_face_spec.rb,5.61411
facts_spec.rb,0.0
generate_spec.rb,5.43808
help_spec.rb,0.0
key_spec.rb,2.30259
man_spec.rb,3.04482
module_spec.rb,1.09861
node_spec.rb,0.0
parser_spec.rb,5.11193
plugin_spec.rb,4.27465
status_spec.rb,2.30259
install_spec.rb,2.8944
list_spec.rb,5.1867
search_spec.rb,4.94449
uninstall_spec.rb,3.29245
upgrade_spec.rb,3.2581
dipper_spec.rb,0.0
file_spec.rb,0.0
base_spec.rb,0.0
configuration_spec.rb,0.0
content_spec.rb,0.0
fileset_spec.rb,0.0
http_metadata_spec.rb,4.06138
metadata_spec.rb,0.0
mount_spec.rb,0.0
terminus_helper_spec.rb,0.0
terminus_selector_spec.rb,0.0
parser_spec.rb,0.0
file_spec.rb,0.0
locales_spec.rb,4.29046
modules_spec.rb,0.0
pluginfacts_spec.rb,4.29046
plugins_spec.rb,0.0
tasks_spec.rb,4.27667
path_pattern_spec.rb,4.76652
uniquefile_spec.rb,0.0
errors_spec.rb,4.3168
forge_spec.rb,4.7185
module_release_spec.rb,5.51792
repository_spec.rb,5.02827
abs_spec.rb,4.09006
all_spec.rb,4.57471
annotate_spec.rb,5.16479
any_spec.rb,4.69135
assert_type_spec.rb,4.38352
binary_file_spec.rb,3.82864
break_spec.rb,4.69535
call_spec.rb,4.71646
camelcase_spec.rb,3.52636
capitalize_spec.rb,3.52636
ceiling_spec.rb,4.17439
chomp_spec.rb,3.82864
chop_spec.rb,3.63759
compare_spec.rb,4.99043
contain_spec.rb,0.0
convert_to_spec.rb,3.16342
defined_spec.rb,5.32874
dig_spec.rb,3.77362
downcase_spec.rb,3.36327
each_spec.rb,0.0
empty_spec.rb,4.14576
epp_spec.rb,0.0
filter_spec.rb,0.0
find_file_spec.rb,4.23411
flatten_spec.rb,3.43399
floor_spec.rb,4.00377
getvar_spec.rb,4.69549
get_spec.rb,4.64312
hiera_spec.rb,5.76259
include_spec.rb,5.13758
inline_epp_spec.rb,0.0
join_spec.rb,3.49651
keys_spec.rb,3.22389
length_spec.rb,3.91202
lest_spec.rb,3.52636
logging_spec.rb,3.91197
lookup_fixture_spec.rb,6.52649
lookup_spec.rb,7.35997
lstrip_spec.rb,3.4012
map_spec.rb,0.0
match_spec.rb,4.06512
max_spec.rb,4.68787
min_spec.rb,4.68787
module_directory_spec.rb,3.7612
new_spec.rb,6.26902
next_spec.rb,4.5326
reduce_spec.rb,0.0
regsubst_spec.rb,4.59027
require_spec.rb,4.42634
return_spec.rb,4.65396
reverse_each_spec.rb,4.56661
round_spec.rb,3.71357
rstrip_spec.rb,3.4012
scanf_spec.rb,3.31949
shared.rb,4.53184
size_spec.rb,3.91202
slice_spec.rb,0.0
sort_spec.rb,4.36945
split_spec.rb,3.94414
step_spec.rb,4.59244
strftime_spec.rb,4.9566
strip_spec.rb,3.4012
then_spec.rb,3.68888
tree_each_spec.rb,5.77654
type_spec.rb,3.55535
unique_spec.rb,4.70953
unwrap_spec.rb,3.3673
upcase_spec.rb,3.36327
values_spec.rb,3.4012
versioncmp_spec.rb,3.52636
with_spec.rb,3.25511
config_spec.rb,0.0
module_loading_spec.rb,3.61051
key_spec.rb,3.71357
rb_tree_map_spec.rb,0.0
relationship_graph_spec.rb,0.0
sequential_prioritizer_spec.rb,3.46574
simple_graph_spec.rb,0.0
scope_spec.rb,0.0
direct_file_server_spec.rb,0.0
envelope_spec.rb,0.0
exec_spec.rb,0.0
face_spec.rb,0.0
file_server_spec.rb,0.0
hiera_spec.rb,2.61563
indirection_spec.rb,0.0
json_spec.rb,5.18474
memory_spec.rb,0.0
msgpack_spec.rb,5.23434
none_spec.rb,3.49651
plain_spec.rb,0.0
request_spec.rb,0.0
rest_spec.rb,0.0
ssl_file_spec.rb,0.0
store_configs_spec.rb,2.07944
terminus_spec.rb,0.0
yaml_spec.rb,0.0
compiler_spec.rb,0.0
json_spec.rb,4.08055
msgpack_spec.rb,2.48491
rest_spec.rb,0.0
store_configs_spec.rb,2.83321
yaml_spec.rb,0.0
file_spec.rb,0.0
rest_spec.rb,0.0
file_spec.rb,0.0
rest_spec.rb,0.0
hiera_spec.rb,1.94591
none_spec.rb,3.3322
facter_spec.rb,0.0
network_device_spec.rb,4.05329
rest_spec.rb,3.74505
store_configs_spec.rb,2.83321
yaml_spec.rb,0.0
file_spec.rb,0.0
rest_spec.rb,0.0
selector_spec.rb,3.3673
file_server_spec.rb,0.0
file_spec.rb,0.0
rest_spec.rb,0.0
selector_spec.rb,2.30259
file_server_spec.rb,0.0
file_spec.rb,0.0
rest_spec.rb,0.0
selector_spec.rb,2.3979
file_spec.rb,0.0
exec_spec.rb,0.0
memory_spec.rb,0.0
msgpack_spec.rb,3.17805
plain_spec.rb,0.0
rest_spec.rb,0.0
store_configs_spec.rb,2.75167
yaml_spec.rb,0.0
msgpack_spec.rb,3.3322
processor_spec.rb,0.0
rest_spec.rb,0.0
yaml_spec.rb,2.9915
ral_spec.rb,0.0
store_configs_spec.rb,2.91249
local_spec.rb,2.3979
rest_spec.rb,0.0
action_builder_spec.rb,0.0
action_manager_spec.rb,0.0
action_spec.rb,0.0
documentation_spec.rb,3.33577
face_collection_spec.rb,0.0
option_builder_spec.rb,4.19643
option_spec.rb,0.0
application_spec.rb,0.0
installed_modules_spec.rb,3.89182
install_directory_spec.rb,4.07026
metadata_spec.rb,5.43567
tar_spec.rb,3.30878
checksummer_spec.rb,4.46392
installer_spec.rb,5.63525
searcher_spec.rb,3.33197
uninstaller_spec.rb,4.7992
unpacker_spec.rb,3.98233
upgrader_spec.rb,5.53415
gnu_spec.rb,2.87165
mini_spec.rb,4.27057
authconfig_spec.rb,0.0
authorization_spec.rb,3.87822
authstore_spec.rb,0.0
auth_config_parser_spec.rb,4.75033
formats_spec.rb,0.0
format_handler_spec.rb,0.0
format_spec.rb,0.0
format_support_spec.rb,5.2933
http_pool_spec.rb,0.0
http_spec.rb,2.30259
resolver_spec.rb,5.54479
rights_spec.rb,0.0
api_spec.rb,4.23104
compression_spec.rb,0.0
connection_spec.rb,5.42697
error_spec.rb,3.4012
factory_spec.rb,4.42524
handler_spec.rb,0.0
nocache_pool_spec.rb,0.0
pool_spec.rb,5.06452
request_spec.rb,4.52404
response_spec.rb,4.36752
route_spec.rb,4.16048
session_spec.rb,3.7612
site_spec.rb,4.33037
indirected_routes_spec.rb,0.0
v3_spec.rb,0.0
authorization_spec.rb,0.0
environments_spec.rb,0.0
environment_spec.rb,4.98056
environment_spec.rb,0.0
facts_spec.rb,0.0
selinux_spec.rb,0.0
boolean_spec.rb,3.35247
package_options_spec.rb,3.78419
path_spec.rb,3.17805
value_collection_spec.rb,0.0
value_spec.rb,0.0
compiler_spec.rb,0.0
environment_compiler_spec.rb,0.0
files_spec.rb,0.0
functions_spec.rb,0.0
relationship_spec.rb,0.0
resource_spec.rb,0.0
scope_spec.rb,0.0
templatewrapper_spec.rb,0.0
type_loader_spec.rb,0.0
block_expression_spec.rb,4.15835
leaf_spec.rb,0.0
create_resources_spec.rb,5.2657
digest_spec.rb,3.13549
fail_spec.rb,2.84648
file_spec.rb,4.22904
fqdn_rand_spec.rb,0.0
generate_spec.rb,0.0
hiera_array_spec.rb,0.0
hiera_hash_spec.rb,0.0
hiera_include_spec.rb,0.0
hiera_spec.rb,0.0
inline_template_spec.rb,0.0
lookup_spec.rb,2.13833
realize_spec.rb,0.0
regsubst_spec.rb,0.0
scanf_spec.rb,3.09104
shellquote_spec.rb,0.0
split_spec.rb,0.0
sprintf_spec.rb,0.0
tagged_spec.rb,3.48559
tag_spec.rb,0.0
template_spec.rb,0.0
versioncmp_spec.rb,0.0
param_spec.rb,2.99707
adaptable_spec.rb,4.68326
benchmark_spec.rb,4.31392
containment_spec.rb,0.0
factory_rspec_helper.rb,3.96331
factory_spec.rb,0.0
issues_spec.rb,0.0
label_provider_spec.rb,0.0
merge_strategy_spec.rb,2.89037
migration_spec.rb,3.76873
pn_spec.rb,4.73494
puppet_stack_spec.rb,4.30989
utils_spec.rb,3.97124
validation_spec.rb,4.18965
visitor_spec.rb,4.26563
access_ops_spec.rb,5.82015
arithmetic_ops_spec.rb,5.29984
basic_expressions_spec.rb,4.55702
collections_ops_spec.rb,4.69135
comparison_ops_spec.rb,5.42282
conditionals_spec.rb,5.02814
evaluating_parser_spec.rb,6.79825
evaluator_rspec_helper.rb,4.15113
json_strict_literal_evaluator_spec.rb,3.92309
literal_evaluator_spec.rb,3.7612
logical_ops_spec.rb,4.49981
runtime3_converter_spec.rb,4.93454
string_interpolation_spec.rb,3.78419
variables_spec.rb,4.14313
dependency_loader_spec.rb,4.54175
environment_loader_spec.rb,5.14749
loaders_spec.rb,6.06519
loader_paths_spec.rb,3.47689
loader_spec.rb,5.81914
module_loaders_spec.rb,4.8946
static_loader_spec.rb,3.48094
context_spec.rb,5.44792
interpolation_spec.rb,0.0
lookup_spec.rb,5.22118
model_spec.rb,0.0
pn_transformer_spec.rb,3.97029
epp_parser_spec.rb,4.51134
evaluating_parser_spec.rb,0.0
lexer2_spec.rb,6.32285
locator_spec.rb,0.0
parser_rspec_helper.rb,0.0
parser_spec.rb,5.04789
parse_application_spec.rb,3.17805
parse_basic_expressions_spec.rb,0.0
parse_calls_spec.rb,0.0
parse_capabilities_spec.rb,3.19315
parse_conditionals_spec.rb,0.0
parse_containers_spec.rb,0.0
parse_functions_spec.rb,2.94444
parse_heredoc_spec.rb,4.86832
parse_lambda_spec.rb,2.94444
parse_plan_spec.rb,3.68701
parse_resource_spec.rb,0.0
parse_site_spec.rb,3.58239
parsing_typed_parameters_spec.rb,0.0
pn_parser_spec.rb,4.61512
resource_type_impl_spec.rb,4.64047
packer_spec.rb,4.74304
serialization_spec.rb,5.70865
to_from_hr_spec.rb,6.23388
to_stringified_spec.rb,5.02093
timespan_spec.rb,4.52082
timestamp_spec.rb,2.56495
class_loader_spec.rb,2.30259
deferred_spec.rb,4.46591
enumeration_spec.rb,3.69022
error_spec.rb,5.17199
iterable_spec.rb,5.36528
p_binary_type_spec.rb,5.15141
p_init_type_spec.rb,5.62227
p_object_type_spec.rb,7.00941
p_sem_ver_type_spec.rb,5.39674
p_sensitive_type_spec.rb,4.88084
p_timespan_type_spec.rb,5.45606
p_timestamp_type_spec.rb,5.41193
p_type_set_type_spec.rb,6.19823
p_uri_type_spec.rb,5.21598
recursion_guard_spec.rb,4.38354
ruby_generator_spec.rb,6.16848
string_converter_spec.rb,6.76077
task_spec.rb,5.53186
types_spec.rb,6.04522
type_acceptor_spec.rb,4.57189
type_asserter_spec.rb,3.7612
type_calculator_spec.rb,7.15097
type_factory_spec.rb,5.19203
type_formatter_spec.rb,0.0
type_mismatch_describer_spec.rb,5.14222
type_parser_spec.rb,5.42888
validator_spec.rb,6.05052
boolean_spec.rb,3.17805
ensure_spec.rb,0.0
keyvalue_spec.rb,0.0
list_spec.rb,0.0
ordered_list_spec.rb,0.0
aix_object_spec.rb,6.69084
command_spec.rb,0.0
exec_spec.rb,3.55535
ldap_spec.rb,0.0
nameservice_spec.rb,5.76869
parsedfile_spec.rb,0.0
README.markdown,0.0
posix_spec.rb,5.02307
shell_spec.rb,3.48183
windows_spec.rb,4.42957
posix_spec.rb,5.44076
windows_spec.rb,4.7635
aix_spec.rb,4.02535
directoryservice_spec.rb,3.4545
groupadd_spec.rb,0.0
ldap_spec.rb,0.0
pw_spec.rb,4.29046
windows_adsi_spec.rb,5.11636
directoryservice_spec.rb,4.5958
aix_spec.rb,0.0
appdmg_spec.rb,3.60564
aptitude_spec.rb,3.5294
aptrpm_spec.rb,3.55519
apt_spec.rb,0.0
base_spec.rb,2.89037
dnf_spec.rb,3.42949
dpkg_spec.rb,0.0
freebsd_spec.rb,3.83951
gem_spec.rb,0.0
hpux_spec.rb,0.0
macports_spec.rb,4.68045
nim_spec.rb,0.0
openbsd_spec.rb,5.57067
opkg_spec.rb,4.90456
pacman_spec.rb,5.62267
pip3_spec.rb,2.68595
pip_spec.rb,5.34624
pkgdmg_spec.rb,0.0
pkgin_spec.rb,4.86677
pkgng_spec.rb,5.06178
pkgutil_spec.rb,5.00668
pkg_spec.rb,0.0
portage_spec.rb,4.84174
puppet_gem_spec.rb,4.07274
rpm_spec.rb,6.04977
sun_spec.rb,4.50656
tdnf_spec.rb,2.89037
up2date_spec.rb,3.06253
urpmi_spec.rb,0.0
windows_spec.rb,5.15591
yum_spec.rb,4.01168
zypper_spec.rb,0.0
exe_package_spec.rb,4.56358
msi_package_spec.rb,4.72739
package_spec.rb,5.0227
base_spec.rb,4.40979
bsd_spec.rb,4.70588
daemontools_spec.rb,0.0
debian_spec.rb,0.0
freebsd_spec.rb,4.16953
gentoo_spec.rb,5.20392
init_spec.rb,0.0
launchd_spec.rb,0.0
openbsd_spec.rb,4.86161
openrc_spec.rb,5.10741
openwrt_spec.rb,4.6346
rcng_spec.rb,3.57263
redhat_spec.rb,0.0
runit_spec.rb,0.0
smf_spec.rb,4.9861
src_spec.rb,0.0
systemd_spec.rb,5.322
upstart_spec.rb,0.0
windows_spec.rb,4.82163
aix_spec.rb,4.92877
directoryservice_spec.rb,6.74407
hpux_spec.rb,0.0
ldap_spec.rb,0.0
openbsd_spec.rb,4.16377
pw_spec.rb,5.03071
useradd_spec.rb,0.0
user_role_add_spec.rb,0.0
windows_adsi_spec.rb,4.96858
http_spec.rb,0.0
store_spec.rb,3.58755
capability_finder_spec.rb,4.60621
catalog_spec.rb,0.0
status_spec.rb,0.0
type_collection_spec.rb,0.0
type_spec.rb,0.0
client_spec.rb,4.25426
route_spec.rb,0.0
job_spec.rb,4.3519
scheduler_spec.rb,4.40311
splay_job_spec.rb,3.55535
array_setting_spec.rb,3.66356
autosign_setting_spec.rb,4.44444
certificate_revocation_setting_spec.rb,3.61092
config_file_spec.rb,4.62157
directory_setting_spec.rb,0.0
duration_setting_spec.rb,3.72207
enum_setting_spec.rb,3.29584
environment_conf_spec.rb,4.43522
file_setting_spec.rb,0.0
ini_file_spec.rb,5.94458
path_setting_spec.rb,0.0
priority_setting_spec.rb,4.18965
string_setting_spec.rb,0.0
terminus_setting_spec.rb,3.3322
value_translator_spec.rb,4.34381
base_spec.rb,0.0
certificate_request_attributes_spec.rb,4.16754
certificate_request_spec.rb,0.0
certificate_spec.rb,0.0
digest_spec.rb,3.55535
host_spec.rb,0.0
key_spec.rb,0.0
oids_spec.rb,3.78078
validator_spec.rb,0.0
additional_resource_generator_spec.rb,5.79748
event_manager_spec.rb,0.0
event_spec.rb,0.0
persistence_spec.rb,5.255
report_spec.rb,0.0
resource_harness_spec.rb,0.0
component_spec.rb,0.0
exec_spec.rb,0.0
filebucket_spec.rb,0.0
file_spec.rb,0.0
group_spec.rb,0.0
noop_metaparam_spec.rb,0.0
package_spec.rb,0.0
README.markdown,0.0
resources_spec.rb,0.0
schedule_spec.rb,0.0
service_spec.rb,0.0
stage_spec.rb,0.0
tidy_spec.rb,0.0
user_spec.rb,0.0
whit_spec.rb,1.88916
checksum_spec.rb,0.0
checksum_value_spec.rb,5.51542
content_spec.rb,0.0
ctime_spec.rb,0.0
ensure_spec.rb,0.0
group_spec.rb,0.0
mode_spec.rb,5.03106
mtime_spec.rb,0.0
owner_spec.rb,0.0
selinux_spec.rb,0.0
source_spec.rb,0.0
type_spec.rb,0.0
package_settings_spec.rb,4.90527
at_fork_spec.rb,5.01064
autoload_spec.rb,0.0
backups_spec.rb,0.0
character_encoding_spec.rb,4.86701
checksums_spec.rb,0.0
colors_spec.rb,3.71357
command_line_spec.rb,0.0
constant_inflector_spec.rb,0.0
diff_spec.rb,3.33759
docs_spec.rb,4.54972
errors_spec.rb,0.0
execution_spec.rb,6.19729
execution_stub_spec.rb,3.37919
feature_spec.rb,0.0
filetype_spec.rb,0.0
http_proxy_spec.rb,5.47677
inifile_spec.rb,6.06608
json_lockfile_spec.rb,0.0
lockfile_spec.rb,4.3125
logging_spec.rb,0.0
log_spec.rb,0.0
metric_spec.rb,0.0
monkey_patches_spec.rb,0.0
multi_match_spec.rb,3.27256
network_device_spec.rb,3.74567
package_spec.rb,0.0
pidlock_spec.rb,5.04902
plist_spec.rb,4.57756
posix_spec.rb,0.0
profiler_spec.rb,3.68344
rdoc_spec.rb,0.0
reference_spec.rb,3.41474
resource_template_spec.rb,0.0
retry_action_spec.rb,0.0
rubygems_spec.rb,3.52024
run_mode_spec.rb,5.33573
selinux_spec.rb,0.0
splayer_spec.rb,3.80666
ssl_spec.rb,4.07712
storage_spec.rb,0.0
suidmanager_spec.rb,5.13931
symbolic_file_mode_spec.rb,5.19296
tagging_spec.rb,0.0
tag_set_spec.rb,3.70873
terminal_spec.rb,3.73767
user_attr_spec.rb,0.0
warnings_spec.rb,0.0
watched_file_spec.rb,0.0
watcher_spec.rb,4.02535
yaml_spec.rb,4.81517
puppet_option_parser_spec.rb,4.45529
connection_spec.rb,0.0
generator_spec.rb,0.0
manager_spec.rb,0.0
destinations_spec.rb,0.0
config_spec.rb,4.02415
base_spec.rb,3.61956
aggregate_spec.rb,3.93183
around_profiler_spec.rb,0.0
logging_spec.rb,3.86607
object_counts_spec.rb,2.45831
wall_clock_spec.rb,0.0
periodic_watcher_spec.rb,3.95124
access_control_entry_spec.rb,4.20469
access_control_list_spec.rb,4.79654
adsi_spec.rb,0.0
api_types_spec.rb,4.3146
eventlog_spec.rb,4.81218
file_spec.rb,4.47306
root_certs_spec.rb,2.67012
security_descriptor_spec.rb,4.76217
service_spec.rb,5.90455
sid_spec.rb,5.1105
string_spec.rb,3.73797
benchmark.rake,4.67476
cfpropertylist.rake,2.70805
ci.rake,2.67012
generate_ast_model.rake,4.20133
manpages.rake,0.0
memwalk.rake,5.26589
parallel.rake,5.79172
parser.rake,2.83899
yard.rake,3.96005
binary_search_specs.rb,3.10797
dev-puppet-master,3.01495
README_UTIL.md,4.31271
rspec_grouper,4.51769
rspec_runner,3.97439
method_signature.erb,3.21888
setup.rb,3.61092
item_summary.erb,3.85015
